{"assets/.env":["assets/.env"],"assets/fonts/Roboto-Regular.ttf":["assets/fonts/Roboto-Regular.ttf"],"assets/i18n/ba.json":["assets/i18n/ba.json"],"assets/i18n/en.json":["assets/i18n/en.json"],"assets/images/avatar.png":["assets/images/avatar.png"],"assets/images/background_image.png":["assets/images/background_image.png"],"assets/images/logo.png":["assets/images/logo.png"],"assets/images/new_default.png":["assets/images/new_default.png"],"assets/images/user.png":["assets/images/user.png"],"packages/cupertino_icons/assets/CupertinoIcons.ttf":["packages/cupertino_icons/assets/CupertinoIcons.ttf"]}